seriesuid,coordX,coordY,coordZ,diameter_mm
1.3.6.1.4.1.14519.5.2.1.6279.6001.179049373636438705059720603192,56.20840547,86.34341278,-115.8675792,23.35064438
